slug,provider,offer,actionButtons,chain,technology,txSpeedSla,throughputSla,openSource,support,starred,availableApis,monitoringAndAnalytics,additionalFeatures,assetTypes,price,economicalSecurity,economicalSecurityNote,auditsPerformed,decentralizationModel,sdk,supportedChains,tag
chainspot-mainnet,,offer:chainspot-mainnet,,mainnet,,,,,,,,,,,,,,,,,,
hop-mainnet,,offer:hop-mainnet,,mainnet,,,,,,,,,,,,,,,,,,
jumper-mainnet,,offer:jumper-mainnet,,mainnet,,,,,,,,,,,,,,,,,,
layerswap-mainnet,,offer:layerswap-mainnet,,mainnet,,,,,,,,,,,,,,,,,,
meson-mainnet,,offer:meson-mainnet,,mainnet,,,,,,,,,,,,,,,,,,
orbiter-mainnet,,offer:orbiter-mainnet,,mainnet,,,,,,,,,,,,,,,,,,
owlto-mainnet,,offer:owlto-mainnet,,mainnet,,,,,,,,,,,,,,,,,,
smolrefuel-mainnet,,offer:smolrefuel-mainnet,,mainnet,,,,,,,,,,,,,,,,,,
symbiosis-mainnet,,offer:symbiosis-mainnet,,mainnet,,,,,,,,,,,,,,,,,,
wanchain-mainnet,,offer:wanchain-mainnet,,mainnet,,,,,,,,,,,,,,,,,,
